<TestCase>	
    <CaseCvbsAudio name="CVBS_Audio" select="1"></CaseCvbsAudio>
	<CaseCVBSVideo name="CVBS_Video" select="1"></CaseCVBSVideo>
    <CaseHDMIAudio name="HDMI_Audio" select="1"></CaseHDMIAudio>
    <CaseHDMIVideo name="HDMI_Video" select="0"></CaseHDMIVideo>
	<CaseNewWifi name="Wifi" select="0" maxRSSI="-65"></CaseNewWifi>	
    <CaseElthernet name="Ethernet" select="0"  overtime="10"></CaseElthernet>
    <CaseHardKey name="InfraRed" select="0" overtime="15"></CaseHardKey>
    <CaseStorage name="Storage" count="0" select="0" overtime="10"></CaseStorage>    	
</TestCase>
