<!---->
<?xml version="1.0" encoding="UTF-8"?>
<Window size="340,260" caption="0,0,0,46">
	<Font shared="true" id="0" name="" size="12" default="true" />
	<Font shared="true" id="1" name="" size="18" />
	
	<VerticalLayout  bkcolor="#ffffffff" bkimage="file='bg.png'">
		<HorizontalLayout height="40">
			<Label name="" height="58" text="APST" font="1" align="left" valign="bottom" />
			<VerticalLayout width="36">
				<Button name="closebtn" float="true" pos="0,0,95,19" width="39" height="19" maxheight="19" maxwidth="39"  normalimage="file='btn_close_normal.png'" hotimage="btn_close_highlight.png" pushedimage="btn_close_down.png"  />
			</VerticalLayout>
		</HorizontalLayout>
		<HorizontalLayout height="110">
		<HorizontalLayout />
		<Button height="110" width="110"  bkimage="file='apst_logo.png' dest='0,0,110,110'" />
		<HorizontalLayout />
		</HorizontalLayout>
		<HorizontalLayout height= "8"/>
		<HorizontalLayout>
			<HorizontalLayout />
			<Label name="pltitle" text="APST" showhtml="true" align="center" valign="bottom" />
			<HorizontalLayout />
		</HorizontalLayout>
	
		<HorizontalLayout>
			<HorizontalLayout />
			<Text text="Copyright(C) Allwinner Technology CO.,LTD.2015"></Text>
			<HorizontalLayout />
		</HorizontalLayout>
		<HorizontalLayout>
			<HorizontalLayout />
			<Text text="Designed by Yorick @2015-5-21"></Text>
			<HorizontalLayout />
		</HorizontalLayout>
	
		<HorizontalLayout height= "8"/>
		<HorizontalLayout height="22">
		<HorizontalLayout />
		
		
		<Button name="checkBtn" text="检查升级" width="60" height="20" tooltip="点击这里检查新版本" 
		normalimage="button_nor.bmp" 
		hotimage="button_over.bmp" 
		pushedimage="button_down.bmp" />
		<HorizontalLayout width= "20"/>
		<Button name="closeBtn" text="确定" width="60" height="20" tooltip="" 
		normalimage="button_nor.bmp" 
		hotimage="button_over.bmp" 
		pushedimage="button_down.bmp" />
		<HorizontalLayout />
		</HorizontalLayout>

		<VerticalLayout />
	</VerticalLayout>
</Window>