﻿<?xml version="1.0" encoding="utf-8" standalone="yes"?>
<Window size="1696,690">
	<Font id="15" name="Times New Roman" size="14" bold="true"/>
	<Font id="8" name="微软雅黑" size="12"/>
	<Default name="CheckBox" value="textcolor=&quot;#FFbac0c5&quot; hottextcolor=&quot;#FF386382&quot; selectedtextcolor=&quot;#FF386382&quot; disabledtextcolor=&quot;#FFbac0c5&quot; textpadding=&quot;20,2,0,0&quot; align=&quot;left&quot; selectedimage=&quot;file='checked.png' dest='0,2,16,18'&quot; normalimage=&quot;file='unchecked.png' dest='0,2,16,18'&quot;" shared="true"/>
	<VerticalLayout padding="3,3,3,3">
		<VerticalLayout name="pan_operator_start_test" height="40" >
			<HorizontalLayout>
				<HorizontalLayout />
					<Button name="btn_operator_start_test" padding="5,0,5,0" height="40" text="开始测试" font="0" bordercolor="#FF000000" bordersize="1" disabledbkcolor="#FF0000FF"  disabledtextcolor="#FF7C7C7C" />
					<Button name="btn_operator_updateconfig" padding="5,0,5,0" height="40" text="更新配置" font="0" bordercolor="#FF000000" bordersize="1" disabledbkcolor="#FF0000FF"  disabledtextcolor="#FF7C7C7C" />
				<HorizontalLayout />
			</HorizontalLayout>
		</VerticalLayout>
		<VerticalLayout height="0" visible="0" name="dut_header">
			<RichEdit name="dut_header_detail" padding="5,5,5,5" font="8" readonly="true"/>
		</VerticalLayout>
		
		<List name="dut_list" vscrollbar="true" visible="true">
			<ListHeader bordercolor="#FF000000" bordersize="1" menu="true">
				<!--<ListHeaderItem name="dut_header_name_info" text="名称" sepwidth="1" font="-1900" hotimage="file='list_header_pushed.png'" pushedimage="file='list_header_pushed.png'" sepimage="file='list_header_sep.png'"/>-->
				<HorizontalLayout name="" bordercolor="#FF000000" bordersize="1">
					<Label name="dut_header_name_info" align="center" width="42" text="" font="0" bordercolor="#FF000000" bordersize="1"/>
					<Label name="dut_header_name_info_serial" text="串口:" width="42" align="center"/>
					<Edit name="dut_com_relate" text="" align="center" bordersize="1" bordercolor="0xFF000000" textpadding="1,1,1,1" disabledtextcolor="#FF7C7C7C"/>
				</HorizontalLayout>
				<ListHeaderItem name="dut_header_name_info_status" text="状态" sepwidth="1" width="42" font="-1900" hotimage="file='list_header_pushed.png'" pushedimage="file='list_header_pushed.png'" sepimage="file='list_header_sep.png'"/>
			</ListHeader>
		</List>
		<VerticalLayout name="pan_test_info" bordercolor="#FF000000"  bordersize="1" visible="false">
			<Label name="test_info_header" pos="0,0,0,40" bordercolor="#FF000000" bordersize="1" text="测试信息" align="center" font="3" showhtml="true"/>

			<VerticalLayout name="selectpan" visible="false">
				<HorizontalLayout height="30" bordercolor="#FF000000"  bordersize="1">		
					<Label name="lb_select_testcase_titile" padding="5,0,5,0" width="40" text="用例:"/>
					<Label name="lb_select_testcase_name" padding="0,0,1,0" text=""/>
				</HorizontalLayout >
				
				<RichEdit name="select_info_show_edit" readonly="true" padding="5,5,5,5" text="" maxheight="200" vscrollbar="true" />
								
				<VerticalLayout>
					<Label name="select_info_show_image" height="26" />
					<HorizontalLayout name="layout_image_res_parent" visible="false" >
						<HorizontalLayout />
						<Button bordercolor="#FF000000" name="layout_image_res" bordersize="1" />
						<HorizontalLayout />
					</HorizontalLayout>
					
				</VerticalLayout>
				
		
				<HorizontalLayout height="100">
					<Button name="btn_operator_yes" padding="5,0,5,0" text="是" font="0" bordercolor="#FF000000" bordersize="1" bkcolor="#FF00FF00"/>
					<Button name="btn_operator_no"  text="否" font="0" bordercolor="#FF000000" bordersize="1" bkcolor="#FFFF0000" />
				</HorizontalLayout >
			</VerticalLayout>
			
			<VerticalLayout name="editpan" visible="false">
				<VerticalLayout >
					<HorizontalLayout height="30" bordercolor="#FF000000"  bordersize="1">		
						<Label name="lb_edit_testcase_titile" padding="5,0,5,0" width="40" text="用例:"/>
						<Label name="lb_edit_testcase_name" padding="0,0,1,0" text="用例" />
					</HorizontalLayout >
					<RichEdit name="edit_info_show_edit" readonly="true" padding="5,5,5,5" text="" />
					<Edit name="edit_input_value" text="" align="center" bordersize="1" bordercolor="0xFF000000" textpadding="1,1,1,1" padding="5,0,5,0" disabledtextcolor="#FF7C7C7C"/>
					<HorizontalLayout>
						<HorizontalLayout />
						<Button name="btn_input_submit" text="提交" width="80" height="28" tooltip=""  padding="5,5,5,5"
							normalimage="button_nor.bmp" hotimage="button_over.bmp" pushedimage="button_down.bmp" />
						<HorizontalLayout />
					</HorizontalLayout>
				</VerticalLayout >
			</VerticalLayout>
		</VerticalLayout>
		<Button name="label_dut_base_info" height="60" font="3" text="" showhtml="true" />
		<Progress name="testing_progress" font="15" float="false" bordercolor="#FF000000" bordersize="1" foreimage="file='progress_fore.png'" min="0" max="100" value="0" height="20" maxheight="24" />
	</VerticalLayout>
</Window>

