﻿<?xml version="1.0" encoding="utf-8" standalone="yes"?>
<Window size="1696,690">
	<Font id="0" name="幼圆" size="14" bold="true"/>
	<Default name="CheckBox" value="textcolor=&quot;#FFbac0c5&quot; hottextcolor=&quot;#FF386382&quot; selectedtextcolor=&quot;#FF386382&quot; disabledtextcolor=&quot;#FFbac0c5&quot; textpadding=&quot;20,2,0,0&quot; align=&quot;left&quot; selectedimage=&quot;file='checked.png' dest='0,2,16,18'&quot; normalimage=&quot;file='unchecked.png' dest='0,2,16,18'&quot;" shared="true"/>
	<ListContainerElement pos="0,0,0,64">
		<VerticalLayout>
		<HorizontalLayout >
			<Label name="testitem_display_name" text="" align="center" font="3" disabledtextcolor="#FF808080"/>
			<HorizontalLayout width="32">
				<HorizontalLayout />
					<Label name="ok_test_result" visible="false"  width="32" height="32" bkimage="file='test_ok.png'" />
					<Label name="err_test_result" visible="true"  width="32" height="32" bkimage="file='test_err.png'" />
					<Label name="selecting_test_result" width="32" text="Select" align="center" />
					<Loading name="runing_test_result" visible="false" align="center" width="30" height="30" time="50" color="#18A718" spoke="30" thickness="2" outradius="10" innerradius="8"></Loading>
				<HorizontalLayout />
			</HorizontalLayout>
		</HorizontalLayout >
		<Button name="testitem_display_resource" text="" align="left" />
		</VerticalLayout>
	</ListContainerElement>
</Window>

