﻿<?xml version="1.0" encoding="utf-8" standalone="yes"?>
<Window size="1040,600" sizebox="" caption="0,0,0,48" roundcorner="5,5" disabledfontcolor="" defaultfontcolor="" linkfontcolor="" linkhoverfontcolor="" selectedcolor="">
	<Include source="scrollbar.xml" />
	<HorizontalLayout name="image_caption" bkcolor="#FFFFFFFF" bkimage="file='winbk.bmp' corner='4,48,4,4' mask='#FFFF00FF'">
		<VerticalLayout >
			<VerticalLayout pos="0,0,0,32">
				<HorizontalLayout >
					<VerticalLayout>
						<Label name="title" pos="0,0,500,20" padding="5,2,2,2"/>
					</VerticalLayout>
					<VerticalLayout />
					<VerticalLayout width="72">
						<Button name="minbtn" float="true" pos="0,0,28,19" width="28" height="19" maxheight="19" maxwidth="28"  normalimage="file='btn_mini_normal.png'" hotimage="btn_mini_highlight.png" pushedimage="btn_mini_down.png"  />
						<Button name="closebtn" float="true" pos="28,0,56,19" width="39" height="19" maxheight="19" maxwidth="39"  normalimage="file='btn_close_normal.png'" hotimage="btn_close_highlight.png" pushedimage="btn_close_down.png"  />
					</VerticalLayout>
				</HorizontalLayout >
			</VerticalLayout>
			<HorizontalLayout height="20">
				<Label padding="5,2,2,2" width="60" text="Pixel：" />
				<Label name="lb_image_size" text="" />
			</HorizontalLayout>
			<HorizontalLayout padding="20,0,20,0">
				<VerticalLayout bordercolor="#FF000000" name="layout_image_res" bordersize="1" />
			</HorizontalLayout>
			<HorizontalLayout height="30">
				<HorizontalLayout />
				<Button name="btn_open_org_image" text="Open Source" width="80" height="28" tooltip=""  padding="5,5,5,5"
							normalimage="button_nor.bmp" hotimage="button_over.bmp" pushedimage="button_down.bmp" />
				<HorizontalLayout />
			</HorizontalLayout>
			<VerticalLayout height="14" padding="0,0,0,10">
				<HorizontalLayout>
				<HorizontalLayout />
				<Button name="copyright" font="5" text="Copyright(C) Allwinner Technology CO.,LTD.2016"  textcolor="0xFF7C7C7C"  width="300" align="center" valign="center" />
				<HorizontalLayout />
				</HorizontalLayout>
			</VerticalLayout>
			
		</VerticalLayout >
	</HorizontalLayout>
</Window>

