﻿<?xml version="1.0" encoding="utf-8" standalone="yes"?>
<Window size="1280,800" sizebox="" caption="0,0,0,48" roundcorner="5,5" disabledfontcolor="" defaultfontcolor="" linkfontcolor="" linkhoverfontcolor="" selectedcolor="">
	<Font id="0" name="" size="12" bold="true"/>
	<Font id="1" name="Times New Roman" size="18"/>
	<Font id="2" name="Times New Roman" size="18" bold="true"/>
	<Font id="3" name="Times New Roman" size="24" bold="true"/>
	<Font id="4" name="Times New Roman" size="14" default="true"/>
	<Font id="5" name="Times New Roman" size="11"/>
	<Include source="scrollbar.xml" />
	<HorizontalLayout name="at_caption" bkcolor="#FFFFFFFF" bkimage="file='winbk.bmp' corner='4,48,4,4' mask='#FFFF00FF'">
		<VerticalLayout >
			<VerticalLayout pos="0,0,0,32">
				<HorizontalLayout >
					<VerticalLayout pos="0,0,32,32">
						<Label name="title" pos="0,0,32,32" bkimage="file='main.png'"/>
					</VerticalLayout>
					<VerticalLayout pos="0,0,300,20">
						<Label name="title" pos="0,0,300,20" padding="10,2,2,2"/>
					</VerticalLayout>
					<VerticalLayout />
					<VerticalLayout width="104">
						<Button name="minbtn" float="true" pos="0,0,28,19" width="28" height="19" maxheight="19" maxwidth="28"  normalimage="file='btn_mini_normal.png'" hotimage="btn_mini_highlight.png" pushedimage="btn_mini_down.png"  />
						<Button name="maxbtn" float="true" pos="28,0,56,19" width="28" height="19" maxheight="19" maxwidth="28"  normalimage="file='btn_max_normal.png'" hotimage="btn_max_highlight.png" pushedimage="btn_max_down.png"  />
						<Button name="restorebtn" visible="false" float="true" pos="28,0,56,19" width="28" height="19" maxheight="19" maxwidth="28"  normalimage="file='btn_restore_normal.png'" hotimage="btn_restore_highlight.png" pushedimage="btn_restore_down.png"  />
						<Button name="closebtn" float="true" pos="56,0,95,19" width="39" height="19" maxheight="19" maxwidth="39"  normalimage="file='btn_close_normal.png'" hotimage="btn_close_highlight.png" pushedimage="btn_close_down.png"  />
					</VerticalLayout>
				</HorizontalLayout >
			</VerticalLayout>
			<VerticalLayout height="20" />
			<HorizontalLayout padding="20,0,20,0">
				<VerticalLayout >
					<VerticalLayout pos="0,0,0,40" visible="false" >
						<HorizontalLayout pos="0,0,0,36" >
							<Label pos="0,0,60,0" text="测试用例:" align="center"/>
							<Edit name="edit_testcase_input"  padding="10,0,10,0" readonly="true" bordercolor="#FF000000" bordersize="1" />
							<Button name="btn_testcase_load" pos="0,0,120,0" padding="5,0,0,0" text="加载用例配置" bordercolor="#FF000000" bordersize="1" disabledtextcolor="#FF7C7C7C"/>
							<Button name="btn_start_test___" pos="0,0,120,0" padding="5,0,0,0"text="启动控制台" bordercolor="#FF000000" bordersize="1" disabledbkcolor="#FF0000FF"/>
						</HorizontalLayout>
					</VerticalLayout>
					<HorizontalLayout pos="0,0,0,30">
						<Label pos="0,0,60,0" width="400" font="2" text="" name="label_test_result_stat" showhtml="true" align="left"/>
						<VerticalLayout />
						<Button name="btn_start_test" pos="0,0,120,0" padding="5,0,0,5" text="启动控制台" bordercolor="#FF000000" bordersize="1" disabledbkcolor="#FF0000FF"/>
					</HorizontalLayout>
					<HorizontalLayout padding="0,0,0,10" >
						<VerticalLayout name="测试用例面板" pos="0,0,300,0" bordercolor="#FF000000" bordersize="1" visible="false">
							<VerticalLayout padding="10,10,10,10">
								<List name="case_list" vscrollbar="true">
									<ListHeader bordercolor="#FF000000" bordersize="1" menu="true" itemdisabledbkcolor="#FF0000FF">
										<ListHeaderItem text="名称" sepwidth="1" font="-1900" hotimage="file='list_header_pushed.png'" pushedimage="file='list_header_pushed.png'" sepimage="file='list_header_sep.png'"/>
										<ListHeaderItem text="是否测试" sepwidth="1" width="80" font="-1900" hotimage="file='list_header_pushed.png'" pushedimage="file='list_header_pushed.png'" sepimage="file='list_header_sep.png'"/>
									</ListHeader>
								</List>
							</VerticalLayout>
						</VerticalLayout>
						<HorizontalLayout bordercolor="#FF000000" bordersize="1" >
							<VerticalLayout name="DUT1" bordercolor="#FF000000" bordersize="1" visible="false"/>
							<VerticalLayout name="DUT2" bordercolor="#FF000000" bordersize="1" visible="false"/>
							<VerticalLayout name="DUT3" bordercolor="#FF000000" bordersize="1" visible="false"/>
							<VerticalLayout name="DUT4" bordercolor="#FF000000" bordersize="1" visible="false"/>
						</HorizontalLayout>
					</HorizontalLayout>
				</VerticalLayout >
			</HorizontalLayout>
		
			<VerticalLayout height="14" padding="0,0,0,10">
				<HorizontalLayout>
				<HorizontalLayout />
				<Button name="copyright" font="5" text="Copyright(C) Allwinner Technology CO.,LTD.2016"  textcolor="0xFF7C7C7C"  width="300" align="center" valign="center" />
				<HorizontalLayout />
				</HorizontalLayout>
			</VerticalLayout>
			
		</VerticalLayout >
	</HorizontalLayout>
</Window>

