﻿<?xml version="1.0" encoding="utf-8" standalone="yes"?>
<Window size="1696,690">
	<Font id="10" name="宋体" size="14"/>
	<Default name="CheckBox" value="textcolor=&quot;#FFbac0c5&quot; hottextcolor=&quot;#FF386382&quot; selectedtextcolor=&quot;#FF386382&quot; disabledtextcolor=&quot;#FFbac0c5&quot; textpadding=&quot;20,2,0,0&quot; align=&quot;left&quot; selectedimage=&quot;file='checked.png' dest='0,2,16,18'&quot; normalimage=&quot;file='unchecked.png' dest='0,2,16,18'&quot;" shared="true"/>
	<ListContainerElement pos="0,0,0,24">
		<HorizontalLayout >
			<Label name="key" width="70" font="10" text="" align="right"  disabledtextcolor="#FF808080"/>
			<Edit name="value" font="10" padding="3,0,0,0" bordercolor="#FF000000" bordersize="1" text="" align="center" />
		</HorizontalLayout >
	</ListContainerElement>
</Window>

