﻿<?xml version="1.0" encoding="utf-8" standalone="yes"?>
<Window size="1696,690">
	<Font id="0" name="幼圆" size="14" bold="true"/>
	<Default name="CheckBox" value="textcolor=&quot;#FFbac0c5&quot; hottextcolor=&quot;#FF386382&quot; selectedtextcolor=&quot;#FF386382&quot; disabledtextcolor=&quot;#FFbac0c5&quot; textpadding=&quot;20,2,0,0&quot; align=&quot;left&quot; selectedimage=&quot;file='checked.png' dest='0,2,16,18'&quot; normalimage=&quot;file='unchecked.png' dest='0,2,16,18'&quot;" shared="true"/>
	<ListContainerElement height="32">
		<VerticalLayout>
			<HorizontalLayout height="32">
				<Label name="name" text="unknow" align="center" valign="top" font="3" disabledtextcolor="#FF808080"/>
				<HorizontalLayout width="80">
					<HorizontalLayout />
					<CheckBox name="selected" pos="0,0,20,20" padding="0,6,0,0" align="" textcolor="#FFBAC0C5" disabledtextcolor="#FFBAC0C5" normalimage="file='unchecked.png' dest='0,2,16,18'" selectedimage="file='checked.png' dest='0,2,16,18'"/>
					<HorizontalLayout />
				</HorizontalLayout>
			</HorizontalLayout >
			<VerticalLayout name="tc_list_item_detail"/>
		</VerticalLayout>
	</ListContainerElement>
</Window>

